<?xml version="1.0" encoding="UTF-8" ?>
<extension type="package" version="3.0" method="upgrade">
    <name>CedHead</name>
    <packagename>cedhead</packagename>

    <author>Galaxiis</author>
    <authorEmail>galaxiiscom@gmail.com</authorEmail>
    <authorUrl>www.galaxiis.com</authorUrl>
    <creationDate>2016-12-31</creationDate>
    <version>1.2.0</version>
    <copyright>Copyright (C) 2013-2016 galaxiis.com All rights reserved.</copyright>
    <license>http://www.gnu.org/licenses/gpl-3.0.html GNU/GPL 3.0</license>

    <packager>Galaxiis</packager>
    <packagerurl>http://www.galaxiis.com</packagerurl>

    <description>Add to head fix js and css using joomla api so you do not change index.php and can use optimized scanning joomla head</description>

    <files>
        <file type="plugin" id="cedhead" group="system">plg_system_cedhead.zip</file>
        <file type="library" id="galaxiis">lib_galaxiis.zip</file>
    </files>

    <updateservers>
        <server name="Galaxiis Update Directory" priority="1" type="collection">https://www.galaxiis.com/update.xml</server>
    </updateservers>

</extension>